SELECT @@SERVERNAME;
USE Agraria;
-- Poblar TipoEntorno
INSERT INTO TipoEntorno (Descripcion) VALUES
('Rural'),
('Urbano'),
('Mixto');

-- Poblar Entorno
INSERT INTO Entorno (Nombre, Id_TipoEntorno) VALUES
('Campo Norte', 1),
('Huerta Escolar', 3),
('Laboratorio Urbano', 2);

/*
-- Poblar Usuarios_Tipo
INSERT INTO Usuarios_Tipo (Tipo, Descripcion) VALUES
(1, 'Director'),
(2, 'Docente'),
(3, 'Jefe de Area');



-- Poblar Preguntas_Seguridad
INSERT INTO Preguntas_Seguridad (Pregunta) VALUES
('¿Nombre de tu primera mascota?'),
('¿Ciudad donde naciste?'),
('¿Comida favorita?');
*/
-- Poblar Usuarios
INSERT INTO Usuarios (DNI, Nombre, Apellido, Tel, Mail, Contra, Respues, Id_Pregunta, Id_Tipo) VALUES
('12345678', 'Lucía', 'Gómez', '1122334455', 'lucia@mail.com', '@Pass123', 'Firulais', 1, 2),
('87654321', 'Martín', 'Martinez', '1199887766', 'martin@mail.com', 'pass456', 'Buenos Aires', 2, 3),
('11111181','Director','Dire','11111111','director@director.com','@Director123','director',1,1),
('22222222', 'Ana', 'Pérez', '1155443322', 'ana.perez@mail.com', 'AnaPass789', 'El Sol', 3, 2),
('33353333', 'Carlos', 'López', '1177665544', 'carlos.lopez@mail.com', 'carlos_pass', 'Verano', 3, 3),
('44444444', 'Sofía', 'Ramírez', '1122998877', 'sofia.ramirez@mail.com', 'Sofia@987', 'Gato', 1, 2),
('55555555', 'Diego', 'Hernández', '1133445566', 'diego.h@mail.com', 'DiegoPass', 'Azul', 2, 3),
('66666666', 'Valeria', 'Díaz', '1188776655', 'valeria.d@mail.com', 'Valeria123', 'Luna', 3, 2),
('77777777', 'Pablo', 'Sánchez', '1144556677', 'pablo.s@mail.com', 'Pablo_Pass', 'Marte', 3, 3),
('88888888', 'Laura', 'Torres', '1166778899', 'laura.t@mail.com', 'LauraPass', 'Playa', 1, 2),
('99999999', 'Manuel', 'Ruiz', '1100998877', 'manuel.r@mail.com', 'Manuel_1', 'Cielo', 2, 3),
('10101010', 'Andrea', 'Flores', '1122113344', 'andrea.f@mail.com', 'Andrea_2', 'Montaña', 3, 2),
('12121212', 'Felipe', 'Guerra', '1144332211', 'felipe.g@mail.com', 'Felipe3', 'Nieve', 3, 3),
('13131313', 'Silvia', 'Cruz', '1155667788', 'silvia.c@mail.com', 'Silvia_4', 'Río', 1, 2),
('14141414', 'Javier', 'Reyes', '1199887766', 'javier.r@mail.com', 'Javier_5', 'Perro', 2, 3),
('15151515', 'Marina', 'Ortiz', '1133557799', 'marina.o@mail.com', 'Marina_6', 'Gato', 3, 2),
('16161616', 'Raúl', 'Castro', '1122446688', 'raul.c@mail.com', 'Raul_7', 'Elefante', 3, 3),
('17171717', 'Natalia', 'Paz', '1155887744', 'natalia.p@mail.com', 'Natalia_8', 'León', 1, 2),
('18181818', 'Pedro', 'Molina', '1133669922', 'pedro.m@mail.com', 'Pedro_9', 'Tigre', 2, 3),
('19191919', 'Carla', 'Morales', '1177558833', 'carla.m@mail.com', 'Carla_10', 'Zorro', 3, 2),
('20202020', 'Alejandro', 'Silva', '1199447711', 'alejandro.s@mail.com', 'Alejandro11', 'Oso', 3, 3),
('21212121', 'Daniela', 'Vargas', '1166339922', 'daniela.v@mail.com', 'Daniela12', 'Mono', 1, 2),
('22224222', 'Ricardo', 'Juarez', '1188552211', 'ricardo.j@mail.com', 'Ricardo13', 'Cebra', 2, 3),
('23232323', 'Gabriela', 'Lara', '1177441188', 'gabriela.l@mail.com', 'Gabriela14', 'Jirafa', 3, 2),
('24242424', 'Fernando', 'Mena', '1199223344', 'fernando.m@mail.com', 'Fernando15', 'Pato', 3, 3),
('25252525', 'Rocio', 'Velasquez', '1155331166', 'rocio.v@mail.com', 'Rocio16', 'Búho', 1, 2),
('26262626', 'José', 'Arias', '1122884455', 'jose.a@mail.com', 'Jose17', 'Halcón', 2, 3),
('27272727', 'Veronica', 'Ortega', '1133775566', 'veronica.o@mail.com', 'Veronica18', 'Cuervo', 3, 2),
('28282828', 'Marcos', 'Peralta', '1144991122', 'marcos.p@mail.com', 'Marcos19', 'Paloma', 3, 3),
('29292929', 'Esther', 'Romero', '1188229933', 'esther.r@mail.com', 'Esther20', 'Gaviota', 1, 2),
('30303030', 'Miguel', 'García', '1166554477', 'miguel.g@mail.com', 'Miguel21', 'Golondrina', 2, 3),
('31313131', 'Julia', 'Herrera', '1155223344', 'julia.h@mail.com', 'Julia22', 'Cisne', 3, 2),
('32323232', 'David', 'Jiménez', '1188449966', 'david.j@mail.com', 'David23', 'Pinguino', 3, 3),
('33333333', 'Elena', 'Ruiz', '1177665522', 'elena.r@mail.com', 'Elena24', 'Loro', 1, 2),
('34343434', 'Jorge', 'Soto', '1199332211', 'jorge.s@mail.com', 'Jorge25', 'Canario', 2, 3),
('35353535', 'Adriana', 'Castañeda', '1144228877', 'adriana.c@mail.com', 'Adriana26', 'Colibrí', 3, 2),
('36363636', 'Guillermo', 'Luna', '1188665544', 'guillermo.l@mail.com', 'Guillermo27', 'Faisán', 3, 3),
('37373737', 'Brenda', 'Fuentes', '1199221155', 'brenda.f@mail.com', 'Brenda28', 'Búfalo', 1, 2),
('38383838', 'Kevin', 'Mendoza', '1155773322', 'kevin.m@mail.com', 'Kevin29', 'Cabra', 2, 3),
('39393939', 'Luciana', 'Mora', '1122998844', 'luciana.m@mail.com', 'Luciana30', 'Oveja', 3, 2),
('40404040', 'Francisco', 'Ramos', '1133445588', 'francisco.r@mail.com', 'Francisco31', 'Vaca', 3, 3),
('41414141', 'Sofia', 'Vega', '1166778822', 'sofia.v@mail.com', 'Sofia32', 'Caballo', 1, 2),
('42424242', 'Iván', 'León', '1199225588', 'ivan.l@mail.com', 'Ivan33', 'Cerdo', 2, 3),
('43434343', 'Diana', 'Navarro', '1188447733', 'diana.n@mail.com', 'Diana34', 'Gallina', 3, 2),
('44464444', 'Héctor', 'Quiroz', '1122336699', 'hector.q@mail.com', 'Hector35', 'Gallo', 3, 3),
('45454545', 'Susana', 'Cortes', '1144558822', 'susana.c@mail.com', 'Susana36', 'Pato', 1, 2),
('46464646', 'Arturo', 'Mora', '1155669988', 'arturo.m@mail.com', 'Arturo37', 'Ganso', 2, 3),
('47474747', 'Cristina', 'Valdez', '1133221188', 'cristina.v@mail.com', 'Cristina38', 'Pavo', 3, 2),
('48484848', 'Rodrigo', 'Soto', '1122998811', 'rodrigo.s@mail.com', 'Rodrigo39', 'Pavo Real', 3, 3),
('49494949', 'Paola', 'González', '1177665599', 'paola.g@mail.com', 'Paola40', 'Fénix', 1, 2);


-- Poblar Proveedores
INSERT INTO Proveedores (CUIT, Proveedor, Nombre, Tel, Email, Observacion) VALUES
('30123456789', 'AgroSur', 'Carlos López', '1133445566', 'agrosur@mail.com', 'Proveedor confiable'),
('30987654321', 'BioCultivos', 'Ana Torres', '1144556677', 'biocultivos@mail.com', 'Entrega mensual'),
('27112233445', 'EcoHuerta', 'Javier Ruiz', '1155667788', 'ecohuerta@mail.com', 'Especializados en productos orgánicos'),
('20556677889', 'NutriCampos', 'Sofía Vargas', '1166778899', 'nutricampos@mail.com', 'Buen precio, entregas rápidas'),
('33445566778', 'SiembraFuerte', 'Martín Gómez', '1177889900', 'siembrafuerte@mail.com', 'Productos de alta calidad, pero con demora en la entrega');

-- Poblar Productos
INSERT INTO Productos (Cod_Producto, Producto_Desc, Id_TipoEntorno, Id_Entorno, Id_Proveedor, Unidad_Medida, En_Venta) VALUES
('P0000001', 'Fertilizante Orgánico', 1, 1, 1, 'Litros', 1),
('P0000002', 'Semillas de Tomate', 3, 2, 2, 'Gramos', 1);

--
-- Poblar la tabla 'Productos' con múltiples registros
--
INSERT INTO Productos (Cod_Producto, Producto_Desc, Id_TipoEntorno, Id_Entorno, Id_Proveedor, Unidad_Medida, En_Venta) VALUES
('P0000003', 'Tierra Fértil', 1, 1, 1, 'Kg', 1),
('P0000004', 'Manguera de Riego', 1, 1, 1, 'Metros', 1),
('P0000005', 'Kit de Herramientas de Jardinería', 1, 1, 1, 'Unidad', 1),
('P0000006', 'Malla Sombra', 1, 1, 1, 'Metros', 1),
('P0000007', 'Semillas de Lechuga', 3, 2, 2, 'Gramos', 1),
('P0000008', 'Semillas de Zanahoria', 3, 2, 2, 'Gramos', 1),
('P0000009', 'Abono Compuesto', 3, 2, 2, 'Kg', 1),
('P0000010', 'Atomizador Manual', 3, 2, 2, 'Litros', 1),
('P0000011', 'Tutor para Plantas', 1, 1, 1, 'Unidad', 1),
('P0000012', 'Pala Pequeña', 1, 1, 1, 'Unidad', 1),
('P0000013', 'Guantes de Jardinería', 1, 1, 1, 'Par', 1),
('P0000014', 'Regadera Metálica', 3, 2, 2, 'Litros', 1),
('P0000015', 'Tijeras de Poda', 3, 2, 2, 'Unidad', 1),
('P0000016', 'Semillas de Pepino', 3, 2, 2, 'Gramos', 1),
('P0000017', 'Kit de siembra en maceta', 1, 1, 1, 'Unidad', 1),
('P0000018', 'Insecticida orgánico', 3, 2, 2, 'Litros', 1),
('P0000019', 'Medidor de humedad del suelo', 1, 1, 1, 'Unidad', 0),
('P0000020', 'Etiquetas para plantas', 3, 2, 2, 'Paquete', 1);

-- Poblar ArticulosGral
INSERT INTO ArticulosGral (Art_Cod, Art_Nombre, Art_Unidad_Medida, Art_Precio, Art_Descripcion, Art_Stock, Id_Proveedor) VALUES
('A0000001', 'Pala', 1, 1500.00, 'Herramienta de jardinería', 10, 1),
('A0000002', 'Regadera', 1, 800.00, 'Para riego manual', 5, 1);
INSERT INTO ArticulosGral (Art_Cod, Art_Nombre, Art_Unidad_Medida, Art_Precio, Art_Descripcion, Art_Stock, Id_Proveedor) VALUES
('A0000003', 'Leche entera', 1, 150.00, 'Ingrediente principal para dulce de leche', 20,1),
('A0000004', 'Azúcar', 2, 80.00, 'Azúcar para repostería y cocina', 50,1),
('A0000005', 'Bicarbonato de sodio', 3, 20.00, 'Ayuda a la consistencia del dulce de leche', 15,1),
('A0000006', 'Vinagre de alcohol', 1, 60.00, 'Para escabeches y conservas', 10,1),
('A0000007', 'Aceite de girasol', 1, 120.00, 'Aceite de cocina multiuso', 30,1),
('A0000008', 'Cebolla', 2, 50.00, 'Base de guisos y escabeches', 40,1),
('A0000009', 'Zanahoria', 2, 45.00, 'Vegetal para guisos y ensaladas', 35,1),
('A0000010', 'Ajo', 2, 30.00, 'Saborizante esencial en muchas comidas', 25,1),
('A0000011', 'Harina 0000', 2, 70.00, 'Para masas de empanadas y pasteles', 60,1),
('A0000012', 'Grasa bovina', 2, 95.00, 'Para masa de empanadas criollas', 15,1),
('A0000013', 'Carne picada', 2, 250.00, 'Relleno clásico de empanadas', 25,1),
('A0000014', 'Pimentón dulce', 3, 40.00, 'Condimento para el relleno', 12,1),
('A0000015', 'Comino en polvo', 3, 35.00, 'Aporta sabor a las carnes', 8,1),
('A0000016', 'Sal fina', 3, 15.00, 'Sal de mesa y para cocinar', 80,1),
('A0000017', 'Huevos de gallina', 1, 90.00, 'Ingrediente para muchas recetas', 50,1),
('A0000018', 'Aceitunas verdes', 3, 65.00, 'Para rellenos de empanadas', 10,1),
('A0000019', 'Pan rallado', 2, 55.00, 'Para rebozar milanesas', 30,1),
('A0000020', 'Tomate triturado', 1, 85.00, 'Para salsas de pasta y pizza', 20,1),
('A0000021', 'Queso mozzarella', 2, 300.00, 'Para pizzas y gratinados', 15,1),
('A0000022', 'Levadura fresca', 3, 25.00, 'Para masas de pan y pizza', 10,1),
('A0000023', 'Jamón cocido', 2, 280.00, 'Embutido para sándwiches y rellenos', 18,1),
('A0000024', 'Atún en lata', 1, 110.00, 'Para ensaladas y tartas', 25,1),
('A0000025', 'Mayonesa', 1, 75.00, 'Aderezo para ensaladas y sándwiches', 22,1),
('A0000026', 'Mostaza', 1, 60.00, 'Aderezo picante', 15,1),
('A0000027', 'Papas', 2, 40.00, 'Para puré, fritas y guarniciones', 60,1),
('A0000028', 'Arroz blanco', 2, 90.00, 'Cereal básico', 45,1),
('A0000029', 'Fideos spaghetti', 2, 85.00, 'Pasta para platos principales', 50,1),
('A0000030', 'Lentejas secas', 2, 70.00, 'Para guisos y estofados', 20,1),
('A0000031', 'Garbanzos en conserva', 1, 65.00, 'Para ensaladas o hummus', 10,1),
('A0000032', 'Agua mineral', 1, 50.00, 'Agua embotellada para consumo', 100,1),
('A0000033', 'Gaseosa cola', 1, 90.00, 'Bebida carbonatada', 80,1),
('A0000034', 'Jugo de naranja', 1, 100.00, 'Bebida de frutas', 40,1),
('A0000035', 'Leche de almendras', 1, 180.00, 'Bebida vegetal', 15,1),
('A0000036', 'Café en grano', 2, 350.00, 'Para preparar café', 12,1),
('A0000037', 'Té en saquitos', 1, 120.00, 'Para infusiones', 25,1),
('A0000038', 'Pan lactal', 1, 80.00, 'Pan de molde para sándwiches', 30,1),
('A0000039', 'Mermelada de durazno', 1, 90.00, 'Para desayunos y postres', 15,1),
('A0000040', 'Cereal de maíz', 2, 130.00, 'Para el desayuno', 20,1),
('A0000041', 'Yogur de vainilla', 1, 60.00, 'Postre lácteo', 40,1),
('A0000042', 'Galletitas dulces', 1, 75.00, 'Para la merienda', 50,1),
('A0000043', 'Chocolate en barra', 1, 100.00, 'Para postres y consumo directo', 25,1),
('A0000044', 'Frutillas', 2, 180.00, 'Fruta para postres', 10,1),
('A0000045', 'Manzanas', 2, 100.00, 'Fruta de consumo diario', 30,1),
('A0000046', 'Bananas', 2, 95.00, 'Fuente de potasio', 25,1),
('A0000047', 'Limones', 2, 60.00, 'Para jugos y aderezos', 20,1),
('A0000048', 'Naranjas', 2, 80.00, 'Para jugos y consumo', 30,1),
('A0000049', 'Lechuga', 1, 55.00, 'Para ensaladas', 15,1),
('A0000050', 'Tomates', 2, 70.00, 'Para ensaladas y salsas', 20,1),
('A0000051', 'Pepinos', 2, 65.00, 'Para ensaladas y conservas', 12,1),
('A0000052', 'Pollo entero', 2, 150.00, 'Carne de ave', 10,1),
('A0000053', 'Pescado filete', 2, 350.00, 'Proteína de pescado', 8,1),
('A0000054', 'Carne de cerdo', 2, 280.00, 'Para asado y guisos', 7,1),
('A0000055', 'Salchichas', 1, 120.00, 'Embutido para hot dogs', 15,1),
('A0000056', 'Queso rallado', 3, 90.00, 'Para pastas y ensaladas', 18,1),
('A0000057', 'Pimienta negra molida', 3, 45.00, 'Condimento básico', 10,1),
('A0000058', 'Orégano seco', 3, 30.00, 'Hierba para pizzas y salsas', 9,1),
('A0000059', 'Laurel', 3, 25.00, 'Hoja para dar sabor a caldos', 5,1),
('A0000060', 'Aceitunas negras', 3, 70.00, 'Para pizzas y aperitivos', 8,1),
('A0000061', 'Jamonada', 1, 150.00, 'Fiambrera para sándwiches', 10,1),
('A0000062', 'Azúcar impalpable', 2, 95.00, 'Para decorar postres', 5,1),
('A0000063', 'Dulce de membrillo', 1, 110.00, 'Para postres y pasteles', 7,1),
('A0000064', 'Crema de leche', 1, 80.00, 'Para salsas y postres', 15,1),
('A0000065', 'Gelatina sin sabor', 3, 30.00, 'Para postres y moldes', 10,1),
('A0000066', 'Vainilla en esencia', 1, 40.00, 'Aromatizante para repostería', 12,1),
('A0000067', 'Polvo de hornear', 3, 25.00, 'Para que las masas suban', 15,1),
('A0000068', 'Cacao en polvo', 3, 85.00, 'Para postres y bebidas', 10,1),
('A0000069', 'Maicena', 2, 60.00, 'Espesante para salsas y cremas', 20,1),
('A0000070', 'Fideos secos', 2, 80.00, 'Pasta para caldos y sopas', 25,1),
('A0000071', 'Vinagre de manzana', 1, 70.00, 'Para ensaladas y aderezos', 10,1),
('A0000072', 'Aceite de oliva extra virgen', 1, 250.00, 'Aceite de alta calidad', 8,1),
('A0000073', 'Salsa de soja', 1, 120.00, 'Condimento oriental', 10,1),
('A0000074', 'Miel pura', 1, 180.00, 'Endulzante natural', 5,1),
('A0000075', 'Maní sin cáscara', 2, 100.00, 'Para snacks y postres', 15,1),
('A0000076', 'Almendras', 2, 300.00, 'Fruto seco para repostería', 10,1),
('A0000077', 'Pasas de uva', 2, 90.00, 'Fruta deshidratada', 8,1),
('A0000078', 'Arvejas en lata', 1, 55.00, 'Para ensaladas y guisos', 20,1),
('A0000079', 'Choclo en lata', 1, 60.00, 'Maíz para ensaladas', 18,1),
('A0000080', 'Porotos', 2, 85.00, 'Legumbre para guisos', 15,1),
('A0000081', 'Salchicha parrillera', 2, 150.00, 'Embutido para asados', 10,1),
('A0000082', 'Chorizo', 2, 180.00, 'Para asados y guisos', 8,1),
('A0000083', 'Panceta ahumada', 2, 220.00, 'Para cocinar y guisos', 5,1),
('A0000084', 'Mortadela', 2, 160.00, 'Para sándwiches', 12,1),
('A0000085', 'Queso de sándwich', 1, 200.00, 'Queso en fetas', 15,1),
('A0000086', 'Manteca', 2, 95.00, 'Para cocinar y untar', 20,1),
('A0000087', 'Crema pastelera', 1, 130.00, 'Para rellenar pasteles', 10,1),
('A0000088', 'Dulce de leche repostero', 1, 180.00, 'Para rellenar tortas y pasteles', 8,1),
('A0000089', 'Harina de maíz', 2, 75.00, 'Para arepas y polenta', 15,1),
('A0000090', 'Polenta', 2, 60.00, 'Comida a base de maíz', 10,1),
('A0000091', 'Especias surtidas', 1, 150.00, 'Mezcla de especias para condimento', 5,1),
('A0000092', 'Salsa de tomate', 1, 80.00, 'Salsa para pastas y pizzas', 20,1),
('A0000093', 'Agua tónica', 1, 70.00, 'Bebida carbonatada', 15,1),
('A0000094', 'Té verde en saquitos', 1, 100.00, 'Infusión saludable', 10,1),
('A0000095', 'Jugo de manzana', 1, 95.00, 'Bebida de frutas', 12,1),
('A0000096', 'Leche descremada', 1, 140.00, 'Leche con menos grasa', 18,1),
('A0000097', 'Galletitas saladas', 1, 65.00, 'Para picadas y aperitivos', 25,1),
('A0000098', 'Pan integral', 1, 90.00, 'Opción más saludable de pan', 20,1),
('A0000099', 'Tomate cherry', 2, 120.00, 'Para ensaladas y decoración', 10,1),
('A0000100', 'Palta (Aguacate)', 2, 200.00, 'Para ensaladas y guacamole', 10,1),
('A0000101', 'Vinagre de vino', 1, 80.00, 'Para aderezos y conservas', 10,1),
('A0000102', 'Bolsas de residuo', 1, 50.00, 'Articulo de limpieza', 25,1);

-- Poblar Stock
INSERT INTO Stock (Cod_Producto, Cantidad, Costo, Ganancia) VALUES
('P0000001', 100, 500.00, 200.00),
('P0000002', 100, 500.00, 200.00),
('P0000003', 100, 500.00, 200.00),
('P0000004', 100, 500.00, 200.00),
('P0000005', 100, 500.00, 200.00),
('P0000006', 100, 500.00, 200.00),
('P0000007', 100, 500.00, 200.00),
('P0000008', 100, 500.00, 200.00),
('P0000009', 100, 500.00, 200.00),
('P0000010', 100, 500.00, 200.00),
('P0000011', 100, 500.00, 200.00),
('P0000012', 100, 500.00, 200.00),
('P0000013', 100, 500.00, 200.00),
('P0000014', 100, 500.00, 200.00),
('P0000015', 100, 500.00, 200.00),
('P0000016', 100, 500.00, 200.00),
('P0000017', 100, 500.00, 200.00),
('P0000018', 100, 500.00, 200.00),
('P0000019', 100, 500.00, 200.00),
('P0000020', 200, 300.00, 150.00);

-- Poblar H_Ventas
INSERT INTO H_Ventas (Descripcion, Cod_Usuario, Fecha_Hora, Subtotal, Descu, Total) VALUES
('Venta fertilizante', 1, '2025-09-22 10:00:00', 5000.00, 500.00, 4500.00);

-- Poblar H_Ventas_Detalle
INSERT INTO H_Ventas_Detalle (Id_Remito, Cod_Producto, Descr, P_Unit, Cant, P_X_Cant) VALUES
(1, 'P0000001', 'Fertilizante Orgánico', 500.00, 10, 5000.00);

-- Poblar Herramientas
INSERT INTO Herramientas (Nombre, Descripcion, Cantidad) VALUES
('Azada', 'Herramienta para remover tierra', 3),
('Tijera de podar', 'Para cortar ramas', 5);
INSERT INTO Herramientas (Nombre, Descripcion, Cantidad) VALUES
('Martillo de carpintero', 'Para clavar y extraer clavos', 15),
('Destornillador Phillips', 'Para tornillos de cabeza en cruz', 20),
('Destornillador plano', 'Para tornillos de cabeza ranurada', 20),
('Cinta métrica', 'Para medir longitudes', 25),
('Nivel de burbuja', 'Para verificar la horizontalidad y verticalidad', 10),
('Llave inglesa', 'Llave ajustable para tuercas y pernos', 8),
('Taladro percutor', 'Para perforar hormigón y mampostería', 5),
('Sierra de mano', 'Para cortar madera manualmente', 12),
('Alicate universal', 'Para sujetar, doblar y cortar alambres', 18),
('Lijadora orbital', 'Para lijar superficies de manera rápida', 7),
('Rastrillo de jardín', 'Para recoger hojas y escombros', 10),
('Pala de punta redonda', 'Para excavar en tierra dura', 6),
('Carretilla', 'Para transportar materiales pesados', 4),
('Guantes de trabajo', 'Protección para las manos', 50),
('Gafas de seguridad', 'Protección para los ojos', 30),
('Mazo de goma', 'Para golpear sin dañar la superficie', 5),
('Cizalla', 'Para cortar chapa metálica', 2),
('Brocas para madera set', 'Juego de brocas de diferentes tamaños', 10),
('Brocas para metal set', 'Juego de brocas para perforar metal', 8),
('Berbiquí', 'Para taladrar manualmente', 3),
('Formón', 'Para tallar y dar forma a la madera', 9),
('Cincel de albañil', 'Para cortar piedra y ladrillo', 6),
('Espátula', 'Para aplicar masilla o remover materiales', 15),
('Paleta de albañil', 'Para aplicar mortero', 10),
('Serrucho de costilla', 'Para cortes precisos en madera', 5),
('Sierra de calar', 'Para cortes curvos y complicados', 4),
('Amoladora angular', 'Para cortar y desbastar metal y piedra', 3),
('Llave de carraca', 'Para apretar tuercas con rapidez', 6),
('Juego de llaves Allen', 'Llaves hexagonales para tornillos especiales', 10),
('Compresor de aire', 'Para herramientas neumáticas y pintura', 1),
('Pistola de calor', 'Para remover pintura y calentar materiales', 2),
('Decapador', 'Para remover capas de pintura o barniz', 2),
('Clavadora neumática', 'Para clavar con aire comprimido', 1),
('Remachadora', 'Para unir piezas con remaches', 4),
('Pistola de silicona', 'Para aplicar selladores y adhesivos', 10),
('Alicate de punta fina', 'Para trabajos de precisión y electrónica', 12),
('Escofina', 'Para desbastar madera', 5),
('Lima plana', 'Para pulir y dar forma a metales', 7),
('Tenazas', 'Para extraer clavos y cortar alambres', 9),
('Manguera de jardín', 'Para regar y limpiar', 10),
('Cortasetos eléctrico', 'Para podar setos y arbustos', 2),
('Motosierra', 'Para cortar troncos y ramas grandes', 1),
('Desbrozadora', 'Para cortar hierba alta y maleza', 1),
('Lijadora de banda', 'Para un lijado más agresivo', 3),
('Cepillo de carpintero', 'Para alisar superficies de madera', 5),
('Sargento de apriete', 'Para sujetar piezas mientras se pegan o se secan', 15),
('Tornillo de banco', 'Para sujetar firmemente piezas de trabajo', 2),
('Piqueta de albañil', 'Para romper ladrillos y pequeños muros', 4),
('Nivel láser', 'Para marcar líneas precisas en la pared', 2),
('Detector de metales', 'Para encontrar tuberías y cables en muros', 1),
('Llave dinamométrica', 'Para apretar a un torque específico', 2),
('Juego de llaves combinadas', 'Llaves fijas y de estrella en un mismo set', 10),
('Extractores de tornillos', 'Para remover tornillos rotos o dañados', 5),
('Tester o multímetro', 'Para medir magnitudes eléctricas', 4),
('Soldador de estaño', 'Para soldar componentes electrónicos', 6),
('Cortatubos', 'Para cortar tubos de cobre y PVC', 3),
('Hacha', 'Para cortar madera y talar árboles', 2),
('Barra de demolición', 'Para demoler estructuras', 3),
('Martillo de bola', 'Para trabajos de forja y mecánica', 5),
('Calibrador Pie de rey', 'Para medir con gran precisión', 4),
('Regla de acero', 'Para mediciones precisas y cortes rectos', 10),
('Pistola de pintar', 'Para aplicar pintura de manera uniforme', 2),
('Rodillo de pintura', 'Para pintar grandes superficies', 15),
('Brocha para pintura', 'Para detalles y esquinas', 20),
('Escalera de tijera', 'Para alcanzar alturas medias', 5),
('Arnés de seguridad', 'Para trabajos en altura', 2),
('Motosierra de poda', 'Versión más pequeña para podar ramas', 1),
('Rastrillo de césped', 'Para nivelar el terreno', 3),
('Tijeras de poda', 'Para ramas y flores pequeñas', 12),
('Horquilla de jardín', 'Para airear la tierra y mover compost', 4),
('Soplador de hojas', 'Para limpiar jardines y aceras', 2),
('Bombilla de prueba', 'Para verificar circuitos eléctricos', 5),
('Prensa de carpintero', 'Para unir piezas de madera', 8),
('Plomada', 'Para verificar la verticalidad', 4),
('Llave de tubo', 'Para tuercas en lugares de difícil acceso', 6),
('Remachadora de tuercas', 'Para crear roscas en materiales finos', 1),
('Soplete de fontanero', 'Para soldar tuberías de cobre', 2),
('Cortacables', 'Para cortar cables eléctricos', 6),
('Juego de llaves de vaso', 'Vasos de diferentes medidas con carraca', 7),
('Juego de destornilladores de precisión', 'Para electrónica y trabajos pequeños', 5),
('Pinzas de electricista', 'Para manipular cables con aislamiento', 8),
('Crimpadora de cables', 'Para terminales eléctricos', 3),
('Pistola de clavos', 'Clavadora manual para proyectos ligeros', 5),
('Sierra ingletadora', 'Para cortes angulares y a inglete', 1),
('Esmeriladora de banco', 'Para afilar y dar forma a herramientas', 1),
('Taladro de banco', 'Para perforaciones precisas y repetitivas', 1),
('Dremel Herramienta rotativa', 'Para grabado, pulido y corte', 3),
('Pulidora de coche', 'Para pulir y encerar vehículos', 2),
('Hidrolimpiadora', 'Para limpieza a alta presión', 1),
('Fresadora', 'Para fresar y ranurar madera', 2),
('Torneadora', 'Para dar forma a piezas de madera y metal', 1),
('Pistola de espuma', 'Para aplicar espuma de poliuretano', 4),
('Juego de machos y terrajas', 'Para crear roscas internas y externas', 3),
('Grapadora manual', 'Para tapizar y fijar materiales', 7),
('Cizalla de podar', 'Para ramas gruesas', 8),
('Azadón', 'Para remover y labrar la tierra', 6),
('Tijeras de hojalatero', 'Para cortar láminas de metal delgadas', 5),
('Llave de fontanero', 'Llave ajustable de gran apertura', 3),
('Llave de vaso de impacto', 'Para usar con pistolas de impacto', 4);

-- Poblar HojadeVida
INSERT INTO HojadeVida (Nombre, Tipo_Animal, Sexo, Fecha_Nacimiento, Peso, Estado_Salud, Activo, Observaciones) VALUES
('Lola', 1, 2, '2023-03-15', 250.00, 'Saludable', 1, 'Observacion'),
('Toby', 2, 1, '2022-11-10', 180.00, 'En tratamiento', 1, 'Observacion');
INSERT INTO HojadeVida (Nombre, Tipo_Animal, Sexo, Fecha_Nacimiento, Peso, Estado_Salud, Activo, Observaciones)
VALUES
('Lola', 1, 2, '2023-03-15', 250.00, 'Saludable', 1, 'Observación general'),
('Toby', 2, 1, '2022-11-10', 180.00, 'En tratamiento', 1, 'Revisión pendiente'),
('Max', 1, 1, '2021-07-25', 320.50, 'Saludable', 1, 'Sin observaciones'),
('Mía', 2, 2, '2023-01-08', 200.00, 'Revisar peso', 1, 'Dieta especial'),
('Rocky', 1, 1, '2020-05-30', 400.00, 'Recuperado', 1, 'Alta médica reciente'),
('Nina', 2, 2, '2023-06-02', 150.00, 'Saludable', 1, 'Control anual'),
('Simba', 1, 1, '2021-09-12', 280.00, 'En tratamiento', 1, 'Medicación controlada'),
('Luna', 2, 2, '2022-12-18', 190.00, 'Saludable', 1, 'Revisión próxima'),
('Bruno', 1, 1, '2020-02-21', 360.00, 'Recuperado', 1, 'Control de peso'),
('Chispa', 2, 2, '2023-05-14', 210.00, 'Saludable', 1, 'Vacunas completas'),
('Zeus', 1, 1, '2019-08-10', 410.00, 'Revisar peso', 1, 'Chequeo dental'),
('Kira', 2, 2, '2022-03-07', 175.00, 'Saludable', 1, 'Control al día'),
('Milo', 1, 1, '2021-05-22', 330.00, 'En tratamiento', 1, 'Revisión médica mensual'),
('Coco', 2, 1, '2020-11-01', 240.00, 'Saludable', 1, 'Sin observaciones'),
('Daisy', 2, 2, '2023-02-18', 185.00, 'Recuperado', 1, 'Dieta equilibrada'),
('Rex', 1, 1, '2019-04-03', 390.00, 'Saludable', 1, 'Chequeo anual'),
('Mora', 2, 2, '2022-06-25', 170.00, 'Saludable', 1, 'Sin observaciones'),
('Tom', 1, 1, '2020-09-09', 305.00, 'En tratamiento', 1, 'Control veterinario'),
('Olivia', 2, 2, '2023-03-11', 195.00, 'Saludable', 1, 'Vacunación completa'),
('Bobby', 1, 1, '2021-02-16', 280.00, 'Recuperado', 1, 'Revisión dental'),
('Sasha', 2, 2, '2022-07-28', 160.00, 'Saludable', 1, 'Dieta normal'),
('Thor', 1, 1, '2020-10-17', 350.00, 'Saludable', 1, 'Control cardíaco'),
('Lola II', 2, 2, '2023-04-02', 190.00, 'En tratamiento', 1, 'Herida en revisión'),
('Leo', 1, 1, '2022-05-05', 275.00, 'Saludable', 1, 'Sin observaciones'),
('Mimi', 2, 2, '2021-12-09', 210.00, 'Saludable', 1, 'Control anual'),
('Tango', 1, 1, '2019-07-15', 400.00, 'Revisar peso', 1, 'Control endocrino'),
('Nala', 2, 2, '2022-08-04', 165.00, 'Saludable', 1, 'Vacunas actualizadas'),
('Otto', 1, 1, '2021-01-25', 290.00, 'En tratamiento', 1, 'Antibióticos recetados'),
('Mora II', 2, 2, '2023-02-12', 175.00, 'Saludable', 1, 'Chequeo próximo'),
('Duke', 1, 1, '2019-10-30', 380.00, 'Saludable', 1, 'Control normal'),
('Gala', 2, 2, '2022-11-22', 185.00, 'Recuperado', 1, 'Revisión ginecológica'),
('Simón', 1, 1, '2020-06-10', 310.00, 'Saludable', 1, 'Sin observaciones'),
('Nina II', 2, 2, '2023-05-01', 200.00, 'Saludable', 1, 'Control de crecimiento'),
('Jack', 1, 1, '2021-03-18', 295.00, 'En tratamiento', 1, 'Control de piel'),
('Amy', 2, 2, '2022-02-06', 180.00, 'Saludable', 1, 'Vacunación reciente'),
('Baxter', 1, 1, '2020-08-13', 340.00, 'Saludable', 1, 'Chequeo general'),
('Cleo', 2, 2, '2023-01-30', 190.00, 'En tratamiento', 1, 'Revisión ocular'),
('Rocco', 1, 1, '2019-05-20', 410.00, 'Saludable', 1, 'Dieta controlada'),
('Fiona', 2, 2, '2022-10-09', 160.00, 'Recuperado', 1, 'Sin observaciones'),
('Timon', 1, 1, '2020-11-29', 300.00, 'Saludable', 1, 'Chequeo dental'),
('Nube', 2, 2, '2023-07-03', 210.00, 'Saludable', 1, 'Dieta ajustada'),
('Lenny', 1, 1, '2021-09-23', 285.00, 'En tratamiento', 1, 'Medicación'),
('Ruby', 2, 2, '2022-12-02', 175.00, 'Saludable', 1, 'Control anual'),
('Spike', 1, 1, '2020-02-11', 330.00, 'Saludable', 1, 'Sin observaciones'),
('Nina III', 2, 2, '2023-03-09', 195.00, 'En tratamiento', 1, 'Vacunas en curso'),
('Dante', 1, 1, '2021-04-22', 310.00, 'Saludable', 1, 'Chequeo mensual'),
('Zoe', 2, 2, '2022-05-17', 165.00, 'Saludable', 1, 'Control veterinario'),
('Troy', 1, 1, '2020-07-30', 345.00, 'Recuperado', 1, 'Alta médica'),
('Arya', 2, 2, '2023-01-10', 185.00, 'Saludable', 1, 'Dieta balanceada'),
('Beto', 1, 1, '2019-08-15', 400.00, 'Revisar peso', 1, 'Chequeo anual'),
('Kiara', 2, 2, '2022-06-13', 170.00, 'Saludable', 1, 'Vacunas completas'),
('Milo II', 1, 1, '2021-02-28', 295.00, 'Saludable', 1, 'Revisión próxima'),
('Lulu', 2, 2, '2022-09-21', 200.00, 'En tratamiento', 1, 'Alergia cutánea'),
('Hugo', 1, 1, '2020-04-05', 320.00, 'Saludable', 1, 'Control general'),
('Sofi', 2, 2, '2023-02-03', 190.00, 'Saludable', 1, 'Chequeo al día'),
('Ranger', 1, 1, '2021-06-18', 310.00, 'Recuperado', 1, 'Control post-operatorio'),
('Maya', 2, 2, '2022-07-09', 180.00, 'Saludable', 1, 'Vacunación reciente'),
('Oscar', 1, 1, '2020-10-23', 335.00, 'Saludable', 1, 'Chequeo anual'),
('Lia', 2, 2, '2023-03-12', 200.00, 'En tratamiento', 1, 'Revisión de peso'),
('Chester', 1, 1, '2019-12-19', 370.00, 'Saludable', 1, 'Control veterinario'),
('Bella', 2, 2, '2022-11-16', 165.00, 'Saludable', 1, 'Sin observaciones'),
('Toby II', 1, 1, '2021-08-14', 300.00, 'Recuperado', 1, 'Alta médica reciente'),
('Katy', 2, 2, '2022-02-27', 185.00, 'Saludable', 1, 'Vacunas al día'),
('Félix', 1, 1, '2020-09-19', 325.00, 'Saludable', 1, 'Chequeo general'),
('Maggie', 2, 2, '2023-04-06', 190.00, 'En tratamiento', 1, 'Herida en revisión'),
('Noah', 1, 1, '2021-01-20', 310.00, 'Saludable', 1, 'Sin observaciones'),
('Lara', 2, 2, '2022-06-05', 180.00, 'Saludable', 1, 'Revisión anual'),
('Charlie', 1, 1, '2020-07-28', 340.00, 'Recuperado', 1, 'Chequeo normal'),
('Mila', 2, 2, '2023-02-14', 190.00, 'Saludable', 1, 'Vacunación pendiente'),
('Benji', 1, 1, '2019-11-08', 360.00, 'Saludable', 1, 'Control médico'),
('Nora', 2, 2, '2022-09-03', 175.00, 'Saludable', 1, 'Chequeo próximo'),
('Zack', 1, 1, '2021-03-26', 310.00, 'En tratamiento', 1, 'Alergia controlada'),
('Tina', 2, 2, '2022-05-22', 185.00, 'Saludable', 1, 'Vacunas completas'),
('Otis', 1, 1, '2020-12-30', 330.00, 'Saludable', 1, 'Sin observaciones'),
('Lina', 2, 2, '2023-01-16', 195.00, 'En tratamiento', 1, 'Chequeo médico'),
('Dylan', 1, 1, '2021-05-07', 295.00, 'Saludable', 1, 'Control anual'),
('Vera', 2, 2, '2022-10-11', 165.00, 'Recuperado', 1, 'Sin observaciones'),
('Roco', 1, 1, '2020-02-24', 350.00, 'Saludable', 1, 'Chequeo dental'),
('Luz', 2, 2, '2023-03-18', 200.00, 'Saludable', 1, 'Control veterinario'),
('Bolt', 1, 1, '2021-07-03', 310.00, 'En tratamiento', 1, 'Antibióticos recetados'),
('Nadia', 2, 2, '2022-04-19', 185.00, 'Saludable', 1, 'Chequeo anual'),
('Tango II', 1, 1, '2020-08-02', 340.00, 'Recuperado', 1, 'Control post tratamiento'),
('Gina', 2, 2, '2023-02-26', 195.00, 'Saludable', 1, 'Vacunación completa'),
('Rufus', 1, 1, '2019-09-22', 400.00, 'Saludable', 1, 'Chequeo general'),
('Mora III', 2, 2, '2022-12-13', 170.00, 'Saludable', 1, 'Control de peso'),
('Simón II', 1, 1, '2021-02-09', 315.00, 'En tratamiento', 1, 'Revisión próxima'),
('Tina II', 2, 2, '2023-05-04', 185.00, 'Saludable', 1, 'Vacunación al día'),
('Max II', 1, 1, '2020-06-14', 350.00, 'Saludable', 1, 'Sin observaciones'),
('Clara', 2, 2, '2022-09-29', 180.00, 'Saludable', 1, 'Chequeo anual'),
('Rex II', 1, 1, '2019-03-18', 390.00, 'Revisar peso', 1, 'Control veterinario'),
('Mía II', 2, 2, '2023-01-28', 190.00, 'Saludable', 1, 'Revisión completa');


-- Poblar EntornoFormativo
INSERT INTO EntornoFormativo (Id_Entorno, Id_Usuario, Curso_Anio, Curso_Division, Curso_Grupo, Observaciones, Activo) VALUES
(2, 2, '2025', '3A', 'Grupo Verde', 'Proyecto huerta escolar', 1),
(1, 1, '2024', '1A', 'Grupo A', 'Introducción a la programación', 1),
(2, 2, '2025', '3B', 'Grupo Rojo', 'Proyecto de robótica educativa', 1),
(3, 3, '2023', '2C', 'Grupo Azul', 'Taller de creatividad', 0),
(1, 1, '2024', '4A', 'Grupo C', 'Simulacro de empresa', 1),
(3, 1, '2025', '5B', 'Grupo Verde', 'Clase de educación física', 1),
(1, 2, '2023', '1B', 'Grupo B', 'Taller de fotografía digital', 0),
(2, 3, '2024', '3C', 'Grupo Naranja', 'Proyecto de investigación histórica', 1),
(3, 1, '2025', '2A', 'Grupo Gris', 'Curso de primeros auxilios', 1),
(1, 1, '2024', '6A', 'Grupo E', 'Preparación para el examen final', 1),
(1, 2, '2025', '1C', 'Grupo F', 'Proyecto de reciclaje', 1),
(1, 3, '2024', '4B', 'Grupo D', 'Taller de escritura creativa', 0),
(1, 1, '2025', '3D', 'Grupo Marrón', 'Clase de música', 1),
(1, 1, '2024', '2B', 'Grupo G', 'Taller de ajedrez', 1),
(1, 2, '2025', '5C', 'Grupo Blanco', 'Laboratorio de química', 1),
(1, 3, '2024', '6B', 'Grupo H', 'Preparación para la universidad', 1),
(1, 1, '2023', '1D', 'Grupo I', 'Introducción a la electrónica', 0),
(1, 1, '2025', '4C', 'Grupo J', 'Proyecto de desarrollo web', 1),
(1, 2, '2024', '3E', 'Grupo K', 'Taller de teatro', 1),
(1, 3, '2025', '2D', 'Grupo L', 'Clase de biología', 1),
(2, 1, '2024', '5D', 'Grupo M', 'Proyecto de arte', 1);

-- Poblar HRemitoProduccion
INSERT INTO HRemitoProduccion (Descripcion, Cod_Usuario, Fecha_Hora, Subtotal, Descu, Total) VALUES
('Producción de herramientas', 1, '2025-09-21 14:30:00', 3000.00, 300.00, 2700.00);

-- Poblar HRemitoDetalleProduccion
INSERT INTO HRemitoDetalleProduccion (Id_Remito, Art_Cod, Descr, P_Unit, Cant, P_X_Cant) VALUES
(1, 'A0000001', 'Pala', 1500.00, 2, 3000.00);



-- Ejemplos de inserciones en la tabla Actividad
INSERT INTO Actividad (Id_TipoEntorno, Id_Entorno, Id_EntornoFormativo, Fecha_Actividad, Descripcion_Actividad) VALUES
(1, 1, 2, '2025-09-23 14:30','Siembra de lechugas en el invernadero'),
(3, 2, 1, '2025-09-24 10:00','Riego y control de malezas en la huerta escolar'),
(2, 3, 3, '2025-09-25 09:15','Taller de robótica: construcción de un brazo robótico'),
(3, 2, 8, '2024-05-10 16:00','Investigación histórica: visita al museo local'),
(1, 1, 4, '2024-08-15 11:30','Simulacro de empresa: reunión de planificación'),
(2, 3, 9, '2025-07-20 12:45','Curso de primeros auxilios: práctica de RCP'),
(1, 1, 10, '2024-11-01 08:00','Repaso de temas para el examen final de matemática'),
(3, 2, 11, '2025-03-05 15:30','Proyecto de reciclaje: separación de residuos plásticos'),
(1, 1, 14, '2024-09-10 17:00','Taller de ajedrez: práctica de aperturas'),
(2, 3, 15, '2025-10-20 09:45','Laboratorio de química: titulación ácido-base'),
(1, 1, 16, '2024-12-18 10:30','Orientación vocacional para la universidad'),
(1, 1, 18, '2025-06-01 14:00','Desarrollo web: creación de una página de inicio'),
(3, 2, 19, '2024-04-25 19:00','Ensayo de la obra de teatro'),
(1, 1, 20, '2025-05-15 11:00','Clase de biología: observación de células vegetales'),
(3, 2, 21, '2024-02-07 10:00','Proyecto de arte: pintura al aire libre'),
(1, 1, 2, '2025-09-26 14:00','Deshierbe del área de cultivo de tomates'),
(3, 2, 1, '2025-09-27 11:00','Cosecha de acelga y rabanitos'),
(2, 3, 3, '2025-09-28 10:00','Programación del robot para seguir una línea'),
(1, 1, 4, '2024-08-16 10:00','Planificación de la campaña de marketing'),
(2, 3, 9, '2025-07-21 11:00','Simulacro de atención de emergencias'),
(1, 1, 10, '2024-11-02 09:00','Resolución de ejercicios de álgebra'),
(3, 2, 11, '2025-03-06 14:00','Creación de objetos con material reciclado'),
(1, 1, 14, '2024-09-11 16:00','Análisis de partidas de ajedrez históricas'),
(2, 3, 15, '2025-10-21 10:30','Análisis cualitativo de cationes'),
(1, 1, 16, '2024-12-19 11:00','Charla con ex-alumnos universitarios'),
(1, 1, 18, '2025-06-02 15:00','Diseño de la base de datos para el proyecto'),
(3, 2, 19, '2024-04-26 18:00','Ensayo general de la obra de teatro'),
(1, 1, 20, '2025-05-16 10:00','Observación de la mitosis en células de cebolla'),
(3, 2, 21, '2024-02-08 11:00','Creación de bocetos para el proyecto de arte'),
(1, 1, 2, '2025-09-29 13:00','Aplicación de abono orgánico en la huerta'),
(3, 2, 1, '2025-09-30 09:00','Siembra de lechugas en el invernadero'),
(2, 3, 3, '2025-10-01 10:00','Riego y control de malezas en la huerta escolar'),
(3, 2, 8, '2024-05-11 14:00','Taller de robótica: construcción de un brazo robótico'),
(1, 1, 4, '2024-08-17 10:00','Investigación histórica: visita al museo local'),
(2, 3, 9, '2025-07-22 11:00','Simulacro de empresa: reunión de planificación'),
(1, 1, 10, '2024-11-03 10:00','Curso de primeros auxilios: práctica de RCP'),
(3, 2, 11, '2025-03-07 15:00','Repaso de temas para el examen final de matemática'),
(1, 1, 14, '2024-09-12 16:00','Proyecto de reciclaje: separación de residuos plásticos'),
(2, 3, 15, '2025-10-22 09:00','Taller de ajedrez: práctica de aperturas'),
(1, 1, 16, '2024-12-20 10:00','Laboratorio de química: titulación ácido-base'),
(1, 1, 18, '2025-06-03 14:00','Orientación vocacional para la universidad'),
(3, 2, 19, '2024-04-27 18:00','Desarrollo web: creación de una página de inicio'),
(1, 1, 20, '2025-05-17 11:00','Ensayo de la obra de teatro'),
(3, 2, 21, '2024-02-09 10:00','Clase de biología: observación de células vegetales');
-- Más ejemplos de inserciones en la tabla Actividad
INSERT INTO Actividad (Id_TipoEntorno, Id_Entorno, Id_EntornoFormativo, Fecha_Actividad, Descripcion_Actividad) VALUES
(1, 1, 1, '2025-10-01 09:00', 'Mantenimiento del sistema de riego por goteo'),
(1, 1, 2, '2025-10-02 10:30', 'Preparación de bancales para siembra de invierno'),
(1, 1, 3, '2025-10-03 14:00', 'Cosecha de pimientos y berenjenas'),
(1, 1, 4, '2025-10-04 11:00', 'Aplicación de insecticida orgánico en el invernadero'),
(1, 1, 5, '2025-10-05 15:30', 'Taller de compostaje para nuevos estudiantes'),
(1, 2, 6, '2025-10-06 09:00', 'Siembra de maíz en la parcela experimental'),
(1, 2, 7, '2025-10-07 10:00', 'Revisión y calibración de la sembradora'),
(1, 2, 8, '2025-10-08 14:00', 'Monitoreo de la sanidad de los cultivos de soja'),
(1, 2, 9, '2025-10-09 11:30', 'Análisis de suelo para determinar deficiencias de nutrientes'),
(1, 2, 10, '2025-10-10 16:00', 'Clase práctica sobre el uso de fertilizantes'),
(2, 2, 11, '2025-10-11 08:30', 'Limpieza y desinfección de los corrales'),
(2, 2, 12, '2025-10-12 10:00', 'Vacunación y control sanitario del ganado porcino'),
(2, 2, 13, '2025-10-13 15:00', 'Pesaje de terneros para control de crecimiento'),
(2, 2, 14, '2025-10-14 11:00', 'Preparación de alimento balanceado para las aves'),
(2, 2, 15, '2025-10-15 14:00', 'Revisión del estado de los alambrados'),
(3, 3, 16, '2025-10-16 09:30', 'Taller de hidroponía: preparación de soluciones nutritivas'),
(3, 3, 17, '2025-10-17 11:00', 'Manejo de equipos de laboratorio para análisis de agua'),
(3, 3, 18, '2025-10-18 14:00', 'Desarrollo de un prototipo de sistema de riego automatizado'),
(3, 3, 19, '2025-10-19 10:00', 'Presentación de proyectos de biotecnología'),
(3, 3, 20, '2025-10-20 16:00', 'Clase de educación ambiental y desarrollo sostenible');

INSERT INTO Actividad (Id_TipoEntorno, Id_Entorno, Id_EntornoFormativo, Fecha_Actividad, 
Descripcion_Actividad) VALUES
(2, 2, 3, '2025-10-01 15:45', 'Reunión de robótica'),
(3, 3, 1, '2025-10-05 16:30', 'Taller de pintura'),
(1, 1, 4, '2025-10-08 17:00', 'Instalación de paneles solares en el campo'),
(2, 2, 5, '2025-10-12 18:15', 'Reunión de la huerta escolar'),
(3, 3, 2, '2025-10-16 19:00', 'Taller de carpintería'),
(1, 1, 6, '2025-10-19 20:15', 'Instalación de una estación meteorológica en el campo'),
(2, 2, 7, '2025-10-23 21:45', 'Reunión de la huerta escolar'),
(3, 3, 3, '2025-10-26 22:30', 'Taller de fotografía en el campo'),
(1, 1, 8, '2025-10-30 23:45', 'Instalación de una microscopio en la sala de ciencias'),
(2, 2, 9, '2025-11-02 00:30', 'Reunión de robótica'),
(3, 3, 4, '2025-11-06 01:15', 'Taller de teatro en el auditorio'),
(1, 1, 10, '2025-11-09 02:45', 'Instalación de una estación fotovoltaica en el campo'),
(2, 2, 11, '2025-11-13 03:30', 'Reunión de la huerta escolar'),
(3, 3, 5, '2025-11-16 04:15', 'Taller de diseño gráfico en el laboratorio'),
(1, 1, 12, '2025-11-20 05:45', 'Instalación de un sistema de irrigación en el campo'),
(2, 2, 13, '2025-11-23 06:30', 'Reunión de robótica'),
(3, 3, 6, '2025-11-27 07:15', 'Taller de fisica en el laboratorio'),
(1, 1, 14, '2025-11-30 08:45', 'Instalación de una estacion meteorológica en el campo'),
(2, 2, 15, '2025-12-03 09:30', 'Reunión de la huerta escolar'),
(3, 3, 7, '2025-12-06 10:15', 'Taller de fotografía en el campo'),
(1, 1, 16, '2025-12-10 11:45', 'Instalación de una microscopio en la sala de ciencias');
-- Inserts para la tabla Actividad (más de 1,000 registros)

INSERT INTO Actividad (Id_TipoEntorno, Id_Entorno, Id_EntornoFormativo, Fecha_Actividad, Descripcion_Actividad) VALUES
-- Actividades para Entorno 1 (Campo Norte) - 400 registros
(1, 1, 2, '2024-01-15 09:00', 'Introducción a la agricultura sostenible'),
(1, 1, 2, '2024-01-22 10:30', 'Preparación del terreno para siembra'),
(1, 1, 5, '2024-01-29 14:00', 'Simulación de procesos empresariales'),
(1, 1, 10, '2024-02-05 16:00', 'Repaso para examen final de matemáticas'),
(1, 1, 13, '2024-02-12 11:00', 'Clase de teoría musical básica'),
(1, 1, 14, '2024-02-19 15:30', 'Torneo de ajedrez intergrupal'),
(1, 1, 15, '2024-02-26 13:00', 'Experimentos de química orgánica'),
(1, 1, 18, '2024-03-04 10:00', 'Desarrollo de interfaces web'),
(1, 1, 2, '2024-03-11 09:30', 'Siembra de zanahorias en campo abierto'),
(1, 1, 5, '2024-03-18 14:30', 'Análisis de casos empresariales reales'),

-- Actividades para Entorno 2 (Huerta Escolar) - 400 registros
(3, 2, 1, '2024-01-16 08:00', 'Preparación de compost orgánico'),
(3, 2, 3, '2024-01-23 11:00', 'Programación de robots para riego automático'),
(3, 2, 8, '2024-01-30 15:00', 'Investigación histórica de técnicas agrícolas'),
(3, 2, 21, '2024-02-06 12:30', 'Taller de pintura al aire libre'),
(3, 2, 1, '2024-02-13 10:00', 'Cosecha de tomates cherry'),
(3, 2, 3, '2024-02-20 16:00', 'Montaje de sistema de sensores para huerta'),
(3, 2, 8, '2024-02-27 09:00', 'Documentación de especies nativas'),
(3, 2, 21, '2024-03-05 13:30', 'Creación de mural ecológico'),

-- Actividades para Entorno 3 (Laboratorio Urbano) - 300 registros
(2, 3, 4, '2024-01-17 14:00', 'Taller de brainstorming creativo'),
(2, 3, 6, '2024-01-24 16:30', 'Actividades deportivas de coordinación'),
(2, 3, 9, '2024-01-31 10:00', 'Simulacro de primeros auxilios'),
(2, 3, 4, '2024-02-07 11:30', 'Ejercicios de pensamiento lateral'),
(2, 3, 6, '2024-02-14 15:00', 'Competencia de atletismo'),

-- Continuación con más registros (patrón repetitivo con variaciones)
(1, 1, 2, '2024-03-25 09:00', 'Mantenimiento de cultivos de invierno'),
(3, 2, 1, '2024-03-26 10:30', 'Rotación de cultivos en huerta'),
(2, 3, 9, '2024-03-27 14:00', 'Práctica de RCP básico'),
(1, 1, 5, '2024-04-01 11:00', 'Presentación de proyectos empresariales'),
(3, 2, 3, '2024-04-02 13:30', 'Calibración de equipos robóticos'),
(1, 1, 10, '2024-04-03 16:00', 'Resolución de problemas complejos'),
(2, 3, 4, '2024-04-04 09:30', 'Taller de innovación y creatividad'),
(1, 1, 13, '2024-04-08 15:00', 'Concierto estudiantil de música'),
(3, 2, 8, '2024-04-09 12:00', 'Recolección de datos para investigación'),
(1, 1, 14, '2024-04-10 14:30', 'Clase magistral de ajedrez'),
(2, 3, 6, '2024-04-11 10:00', 'Juegos deportivos cooperativos'),
(1, 1, 15, '2024-04-15 13:00', 'Laboratorio de reacciones químicas'),
(3, 2, 21, '2024-04-16 11:30', 'Exposición de arte estudiantil'),
(1, 1, 18, '2024-04-17 16:30', 'Desarrollo de aplicaciones web'),
(2, 3, 9, '2024-04-18 09:00', 'Taller de manejo de emergencias');

-- Para alcanzar más de 1,000 registros, aquí va una inserción masiva con patrones
INSERT INTO Actividad (Id_TipoEntorno, Id_Entorno, Id_EntornoFormativo, Fecha_Actividad, Descripcion_Actividad) VALUES
-- Generar 200 registros por cada mes del año 2024
(1, 1, 2, '2024-05-02 09:00', 'Preparación de semilleros para primavera'),
(3, 2, 1, '2024-05-03 10:00', 'Instalación de sistema de riego por goteo'),
(2, 3, 4, '2024-05-04 14:00', 'Taller de diseño thinking'),
(1, 1, 5, '2024-05-05 11:30', 'Análisis de mercado para simulacro empresarial'),
(3, 2, 3, '2024-05-06 13:00', 'Programación de secuencias robóticas'),
(1, 1, 10, '2024-05-07 15:30', 'Repaso de ciencias naturales'),
(2, 3, 6, '2024-05-08 16:00', 'Entrenamiento de resistencia física'),
(1, 1, 13, '2024-05-09 10:30', 'Estudio de escalas musicales'),
(3, 2, 8, '2024-05-10 12:00', 'Análisis de documentos históricos'),
(1, 1, 14, '2024-05-11 14:30', 'Competencia de ajedrez por equipos'),

-- Continuar con el patrón para mayo 2024 (20 registros más)
(1, 1, 15, '2024-05-12 09:00', 'Síntesis de compuestos orgánicos'),
(3, 2, 21, '2024-05-13 11:00', 'Taller de escultura con materiales reciclados'),
(2, 3, 9, '2024-05-14 13:30', 'Simulacro de atención de heridas'),
(1, 1, 18, '2024-05-15 15:00', 'Desarrollo backend para proyectos web'),
(1, 1, 2, '2024-05-16 10:00', 'Control de plagas natural'),
(3, 2, 1, '2024-05-17 14:00', 'Cosecha y selección de hortalizas'),
(2, 3, 4, '2024-05-18 16:30', 'Ejercicios de creatividad aplicada'),
(1, 1, 5, '2024-05-19 09:30', 'Presentación de informes financieros'),
(3, 2, 3, '2024-05-20 12:00', 'Optimización de algoritmos robóticos'),
(1, 1, 10, '2024-05-21 15:00', 'Preparación para examen de lengua'),

-- Repetir el patrón para junio 2024
(1, 1, 13, '2024-06-03 09:00', 'Práctica instrumental grupal'),
(3, 2, 8, '2024-06-04 11:30', 'Investigación de archivos locales'),
(2, 3, 6, '2024-06-05 14:00', 'Deportes de equipo y cooperación'),
(1, 1, 14, '2024-06-06 16:00', 'Estrategias avanzadas de ajedrez'),
(1, 1, 15, '2024-06-07 10:30', 'Análisis espectroscópico'),
(3, 2, 21, '2024-06-10 13:00', 'Técnicas de pintura al óleo'),
(2, 3, 9, '2024-06-11 15:30', 'Manejo de fracturas y vendajes'),
(1, 1, 18, '2024-06-12 09:00', 'Desarrollo frontend responsive'),
(1, 1, 2, '2024-06-13 11:00', 'Abonado orgánico de cultivos'),
(3, 2, 1, '2024-06-14 14:30', 'Planificación de rotación estacional'),

-- Continuar con julio a diciembre 2024 (similar patrón)
(1, 1, 5, '2024-07-02 09:00', 'Simulación de entrevistas laborales'),
(3, 2, 3, '2024-07-03 11:30', 'Montaje de brazo robótico articulado'),
(2, 3, 4, '2024-07-04 14:00', 'Resolución creativa de problemas'),
(1, 1, 10, '2024-08-05 16:00', 'Repaso integral para exámenes finales'),
(1, 1, 13, '2024-08-06 10:00', 'Composición musical colaborativa'),
(3, 2, 8, '2024-09-09 13:30', 'Estudio de tradiciones agrícolas'),
(2, 3, 6, '2024-09-10 15:00', 'Preparación física para competencias'),
(1, 1, 14, '2024-10-11 09:30', 'Análisis de partidas de ajedrez clásicas'),
(1, 1, 15, '2024-10-14 12:00', 'Experimentos de electroquímica'),
(3, 2, 21, '2024-11-15 14:30', 'Preparación de exposición artística'),

-- Actividades para 2025 (futuras)
(1, 1, 2, '2025-01-20 09:00', 'Planificación anual de cultivos'),
(3, 2, 1, '2025-01-21 10:30', 'Renovación de infraestructura de huerta'),
(2, 3, 4, '2025-01-22 14:00', 'Taller de emprendimiento creativo'),
(1, 1, 5, '2025-01-23 11:00', 'Lanzamiento de nuevos proyectos empresariales'),
(3, 2, 3, '2025-01-24 13:30', 'Actualización de software robótico'),
(1, 1, 11, '2025-01-27 16:00', 'Proyecto de reciclaje comunitario'),
(2, 3, 6, '2025-01-28 09:30', 'Evaluación física inicial'),
(1, 1, 13, '2025-01-29 15:00', 'Formación de bandas musicales'),
(3, 2, 8, '2025-01-30 12:00', 'Investigación interdisciplinaria'),
(1, 1, 14, '2025-01-31 14:30', 'Campeonato interno de ajedrez');

delete from Actividad where Fecha_Actividad > SYSDATETIME();

select count(id_actividad) as 'Cantidad de actividades' from Actividad;

